-- MySQL dump 10.13  Distrib 5.7.16, for Linux (x86_64)
--
-- Host: localhost    Database: piggy_bank
-- ------------------------------------------------------
-- Server version	5.7.16-0ubuntu0.16.04.1

/*!40101 SET @OLD_CHARACTER_SET_CLIENT=@@CHARACTER_SET_CLIENT */;
/*!40101 SET @OLD_CHARACTER_SET_RESULTS=@@CHARACTER_SET_RESULTS */;
/*!40101 SET @OLD_COLLATION_CONNECTION=@@COLLATION_CONNECTION */;
/*!40101 SET NAMES utf8 */;
/*!40103 SET @OLD_TIME_ZONE=@@TIME_ZONE */;
/*!40103 SET TIME_ZONE='+00:00' */;
/*!40014 SET @OLD_UNIQUE_CHECKS=@@UNIQUE_CHECKS, UNIQUE_CHECKS=0 */;
/*!40014 SET @OLD_FOREIGN_KEY_CHECKS=@@FOREIGN_KEY_CHECKS, FOREIGN_KEY_CHECKS=0 */;
/*!40101 SET @OLD_SQL_MODE=@@SQL_MODE, SQL_MODE='NO_AUTO_VALUE_ON_ZERO' */;
/*!40111 SET @OLD_SQL_NOTES=@@SQL_NOTES, SQL_NOTES=0 */;

--
-- Table structure for table `account`
--

DROP TABLE IF EXISTS `account`;
/*!40101 SET @saved_cs_client     = @@character_set_client */;
/*!40101 SET character_set_client = utf8 */;
CREATE TABLE `account` (
  `account_number` int(5) NOT NULL,
  `customer_id` int(5) NOT NULL,
  `branch_no` int(5) NOT NULL,
  `balance` decimal(10,2) NOT NULL,
  `assests` decimal(10,2) NOT NULL,
  `account_type` varchar(40) DEFAULT NULL,
  PRIMARY KEY (`account_number`),
  KEY `customer_id` (`customer_id`),
  KEY `branch_no` (`branch_no`),
  KEY `account_type` (`account_type`)
) ENGINE=MyISAM DEFAULT CHARSET=latin1;
/*!40101 SET character_set_client = @saved_cs_client */;

--
-- Dumping data for table `account`
--

LOCK TABLES `account` WRITE;
/*!40000 ALTER TABLE `account` DISABLE KEYS */;
INSERT INTO `account` VALUES (201,401,101,60232.50,250000.00,'Saving '),(202,402,101,15778.50,245000.00,'Saving '),(203,403,103,6496.75,0.00,'Saving '),(204,404,102,582653.50,235000.00,'Current '),(205,405,103,626.45,230000.00,'Current '),(206,406,101,6659.18,225000.00,'Current '),(207,407,103,9234.50,220000.00,'Current '),(208,408,102,6785.75,0.00,'Current '),(209,409,102,665.18,210000.00,'Current '),(210,410,103,6549.19,205000.00,'Current '),(211,411,103,65649.23,200000.00,'Saving '),(212,412,102,79846.60,195000.00,'Saving '),(213,413,102,45648.00,190000.00,'Saving '),(214,414,102,5668.68,0.00,'Saving '),(215,415,101,75.00,0.00,'Saving '),(216,416,101,103.00,175000.00,'Current '),(217,417,101,420.00,170000.00,'Current '),(218,418,103,999.00,165000.00,'Current '),(219,419,103,666.00,160000.00,'Current '),(220,420,102,4656.85,0.00,'Current '),(221,421,101,456.45,150000.00,'Current '),(222,422,102,596.75,145000.00,'Current '),(223,423,102,0.00,140000.00,'Saving '),(224,424,103,66656.45,135000.00,'Saving '),(225,425,101,66.66,130000.00,'Current '),(226,426,103,636.16,0.00,'Saving '),(227,427,102,9795.45,120000.00,'Current '),(228,428,103,100000.00,115000.00,'Current '),(229,429,102,6623.45,110000.00,'Saving '),(230,430,101,623.75,105000.00,'Current '),(231,431,102,17390.45,100000.00,'Current '),(232,432,101,656.60,95000.00,'Saving '),(233,433,103,95655.75,90000.00,'Saving '),(234,434,101,65656.79,0.00,'Saving '),(235,435,101,232321.45,0.00,'Saving '),(236,436,103,233.00,75000.00,'Current '),(237,437,102,6563.00,70000.00,'Current '),(238,438,102,3218.00,65000.00,'Current '),(239,439,103,32.45,60000.00,'Saving '),(240,440,101,100.00,0.00,'Saving '),(241,441,103,1000.00,50000.00,'Current '),(242,442,101,99999.00,45000.00,'Current '),(243,443,102,232.45,40000.00,'Saving '),(244,444,102,457.45,35000.00,'Current '),(245,445,102,6661.65,30000.00,'Saving '),(246,446,101,321.75,0.00,'Current '),(247,447,103,2313.45,20000.00,'Saving '),(248,448,102,3231.76,15000.00,'Current '),(249,449,101,32313.74,0.00,'Current '),(250,450,102,323231.21,0.00,'Current '),(251,451,101,322.45,0.00,'Saving ');
/*!40000 ALTER TABLE `account` ENABLE KEYS */;
UNLOCK TABLES;

--
-- Table structure for table `branch`
--

DROP TABLE IF EXISTS `branch`;
/*!40101 SET @saved_cs_client     = @@character_set_client */;
/*!40101 SET character_set_client = utf8 */;
CREATE TABLE `branch` (
  `bank_branch_number` int(5) NOT NULL,
  `bank_location` varchar(50) DEFAULT NULL,
  `bank_name` varchar(50) DEFAULT NULL,
  PRIMARY KEY (`bank_branch_number`)
) ENGINE=MyISAM DEFAULT CHARSET=latin1;
/*!40101 SET character_set_client = @saved_cs_client */;

--
-- Dumping data for table `branch`
--

LOCK TABLES `branch` WRITE;
/*!40000 ALTER TABLE `branch` DISABLE KEYS */;
INSERT INTO `branch` VALUES (101,'Chennai','Piggy Bank '),(102,'Mumbai','Piggy Bank '),(103,'Delhi','Piggy Bank ');
/*!40000 ALTER TABLE `branch` ENABLE KEYS */;
UNLOCK TABLES;

--
-- Table structure for table `customer`
--

DROP TABLE IF EXISTS `customer`;
/*!40101 SET @saved_cs_client     = @@character_set_client */;
/*!40101 SET character_set_client = utf8 */;
CREATE TABLE `customer` (
  `customer_id` int(5) NOT NULL,
  `customer_name` varchar(40) DEFAULT NULL,
  `customer_address` varchar(40) DEFAULT NULL,
  `account_type` varchar(40) NOT NULL,
  PRIMARY KEY (`customer_id`),
  KEY `account_type` (`account_type`)
) ENGINE=MyISAM DEFAULT CHARSET=latin1;
/*!40101 SET character_set_client = @saved_cs_client */;

--
-- Dumping data for table `customer`
--

LOCK TABLES `customer` WRITE;
/*!40000 ALTER TABLE `customer` DISABLE KEYS */;
INSERT INTO `customer` VALUES (401,'yasin','Chennai','Saving '),(402,'anto','Delhi','Saving '),(403,'arun','Lucknow','Saving '),(404,'lakshay','Hyderabad','Current '),(405,'vin','Mumbai','Current '),(406,'diesel','Bombay','Current '),(407,'mark','Chennai','Current '),(408,'antony','Bombay','Current '),(409,'harry','Bombay','Current '),(410,'potter','Delhi','Current '),(411,'daniel','Delhi','Saving '),(412,'rupert','Delhi','Saving '),(413,'ron','Chennai','Saving '),(414,'ojaswi','Chennai','Saving '),(415,'bheem','Kumbakonam','Saving '),(416,'ram','Kumbakonam','Current '),(417,'bharat','Chennai','Current '),(418,'vinod','Bangalore','Current '),(419,'sekar','Bangalore','Current '),(420,'vasanth','Madurai','Current '),(421,'saravanan','Madurai','Current '),(422,'karin','Madurai','Current '),(423,'cavin','Madurai','Saving '),(424,'mithusen','Chennai','Saving '),(425,'rodrigo','Chennai','Current '),(426,'mike','Kochin','Saving '),(427,'michael','Kochin','Current '),(428,'richard','Chennai','Current '),(429,'cristiano','Delhi','Saving '),(430,'lionel','Mumbai','Current '),(431,'sakthi','Bombay','Current '),(432,'vettri','Delhi','Saving '),(433,'pradhip','Chennai','Saving '),(434,'din din','Chennai','Saving '),(435,'shine','Chennai','Saving '),(436,'vaishnav','Madras','Current '),(437,'varshini','Madras','Current '),(438,'aravind','New Delhi','Current '),(439,'govind','New Delhi','Saving '),(440,'methun','New Delhi','Saving '),(441,'singhai','Delhi','Current '),(442,'sergio','Agra','Current '),(443,'ronaldo','Agra','Saving '),(444,'messi','Agra','Current '),(445,'leonaldo','Delhi','Saving '),(446,'neville','Bombay','Current '),(447,'lucifer','Gujarat','Saving '),(448,'malik','Chennai','Current '),(449,'krishnan','Chennai','Current '),(450,'narasimha','Gujarat','Current '),(451,'naveen','Gujarat','Saving ');
/*!40000 ALTER TABLE `customer` ENABLE KEYS */;
UNLOCK TABLES;

--
-- Table structure for table `deposit`
--

DROP TABLE IF EXISTS `deposit`;
/*!40101 SET @saved_cs_client     = @@character_set_client */;
/*!40101 SET character_set_client = utf8 */;
CREATE TABLE `deposit` (
  `deposit_number` int(5) NOT NULL AUTO_INCREMENT,
  `customer_id` int(5) NOT NULL,
  `amount` decimal(10,2) NOT NULL,
  `account_number` int(5) NOT NULL,
  `date` date NOT NULL,
  `deposit_a` int(1) DEFAULT '0',
  PRIMARY KEY (`deposit_number`),
  KEY `deposit` (`customer_id`),
  KEY `account_number` (`account_number`)
) ENGINE=MyISAM AUTO_INCREMENT=6010 DEFAULT CHARSET=latin1;
/*!40101 SET character_set_client = @saved_cs_client */;

--
-- Dumping data for table `deposit`
--

LOCK TABLES `deposit` WRITE;
/*!40000 ALTER TABLE `deposit` DISABLE KEYS */;
INSERT INTO `deposit` VALUES (6000,404,5000.00,204,'2016-11-05',0),(6001,404,5000.00,204,'2016-11-07',0),(6002,404,1001.00,204,'2016-11-07',0),(6003,404,1001.00,204,'2016-11-07',0),(6004,404,1000.00,204,'2016-11-08',0),(6005,404,1000.00,204,'2016-11-08',0),(6006,404,2000.00,204,'2016-11-08',0),(6007,404,1000.00,204,'2016-11-08',0),(6008,404,1000.00,204,'2016-11-08',0),(6009,404,2000.00,204,'2016-11-08',0);
/*!40000 ALTER TABLE `deposit` ENABLE KEYS */;
UNLOCK TABLES;

--
-- Table structure for table `employee`
--

DROP TABLE IF EXISTS `employee`;
/*!40101 SET @saved_cs_client     = @@character_set_client */;
/*!40101 SET character_set_client = utf8 */;
CREATE TABLE `employee` (
  `employee_id` int(5) NOT NULL,
  `employee_name` varchar(30) NOT NULL,
  `telephone_number` int(6) NOT NULL,
  `start_date` date NOT NULL,
  `dependent_name` varchar(40) DEFAULT NULL,
  PRIMARY KEY (`employee_id`),
  KEY `dependent_name` (`dependent_name`)
) ENGINE=MyISAM DEFAULT CHARSET=latin1;
/*!40101 SET character_set_client = @saved_cs_client */;

--
-- Dumping data for table `employee`
--

LOCK TABLES `employee` WRITE;
/*!40000 ALTER TABLE `employee` DISABLE KEYS */;
INSERT INTO `employee` VALUES (301,'aswath',444444,'2016-08-01','yasin '),(302,'sudharsan',555555,'2016-08-02','anto '),(303,'gnanesh',111111,'2016-08-03','arun '),(304,'methun',666666,'2016-08-04','lakshay '),(305,'visva',888888,'2016-08-05','vin '),(306,'vela',999999,'2016-08-06','diesel '),(307,'sam',777777,'2016-08-07','mark '),(308,'santhosh',222222,'2016-08-08','antony '),(309,'ashwin',333333,'2016-08-09','harry '),(310,'aswin',333222,'2016-08-10','potter '),(311,'praveen',333111,'2016-08-11','daniel '),(312,'aditya',333444,'2016-08-12','rupert '),(313,'elangovan',333555,'2016-08-13','ron '),(314,'ganesh',333666,'2016-08-14','ojaswi '),(315,'kevin',333777,'2016-08-15','bheem '),(316,'priya',333888,'2016-08-16','ram '),(317,'dharsan',333999,'2016-08-17','bharat '),(318,'max',999111,'2016-08-18','vinod '),(319,'mahesh',999222,'2016-08-19','sekar '),(320,'abdul',999333,'2016-08-20','vasanth '),(321,'sachin',999444,'2016-08-21','saravanan '),(322,'dhoni',999555,'2016-08-22','karin '),(323,'gambhir',999666,'2016-08-23','cavin '),(324,'virat',999777,'2016-08-24','mithusen '),(325,'kholi',999888,'2016-08-25','rodrigo '),(326,'mahinder',444111,'2016-08-26','mike '),(327,'singh',444222,'2016-08-27','michael '),(328,'yuvaraj',444333,'2016-08-28','richard '),(329,'gautam',444555,'2016-08-29','cristiano '),(330,'abhijit',444666,'2016-08-30','lionel '),(331,'sai',444777,'2016-08-31','sakthi '),(332,'dev',444888,'2016-09-01','vettri '),(333,'vishal',444999,'2016-09-02','pradhip '),(334,'renius',555444,'2016-09-03','din din '),(335,'varoon',555333,'2016-09-04','shine '),(336,'santhanam',555222,'2016-09-05','vaishnav '),(337,'jai',555111,'2016-09-06','varshini '),(338,'vijay',555666,'2016-09-07','aravind '),(339,'ajith',555777,'2016-09-08','govind '),(340,'sushant',555888,'2016-09-09','methun '),(341,'saurav',555999,'2016-09-10','singhai '),(342,'abhishek',888111,'2016-09-11','sergio '),(343,'vinayak',888222,'2016-09-12','ronaldo '),(344,'ramanathan',888333,'2016-09-13','messi '),(345,'lex',888444,'2016-09-14','leonaldo '),(346,'luthor',888555,'2016-09-15','neville '),(347,'osama',888666,'2016-09-16','lucifer '),(348,'bin',888777,'2016-09-17','malik '),(349,'ladden',888999,'2016-09-18','krishnan '),(350,'asharaf',123456,'2016-09-19','narasimha '),(351,'luke',654321,'2016-09-20','naveen ');
/*!40000 ALTER TABLE `employee` ENABLE KEYS */;
UNLOCK TABLES;

--
-- Table structure for table `loan`
--

DROP TABLE IF EXISTS `loan`;
/*!40101 SET @saved_cs_client     = @@character_set_client */;
/*!40101 SET character_set_client = utf8 */;
CREATE TABLE `loan` (
  `loan_number` int(5) NOT NULL AUTO_INCREMENT,
  `account_number` int(5) NOT NULL,
  `amount` decimal(10,2) NOT NULL,
  `customer_id` int(5) NOT NULL,
  `loan_active` int(1) DEFAULT NULL,
  `loan_date` date DEFAULT NULL,
  PRIMARY KEY (`loan_number`),
  KEY `account_number` (`account_number`),
  KEY `customer_id` (`customer_id`)
) ENGINE=MyISAM AUTO_INCREMENT=99556 DEFAULT CHARSET=latin1;
/*!40101 SET character_set_client = @saved_cs_client */;

--
-- Dumping data for table `loan`
--

LOCK TABLES `loan` WRITE;
/*!40000 ALTER TABLE `loan` DISABLE KEYS */;
INSERT INTO `loan` VALUES (99501,201,17000.00,401,0,NULL),(99502,207,4500.00,407,0,NULL),(99503,207,1500.00,407,0,NULL),(99504,203,6000.00,403,0,NULL),(99505,203,15000.00,403,0,NULL),(99506,206,10000.00,406,0,NULL),(99507,215,100000.00,415,0,NULL),(99508,207,175000.00,407,1,NULL),(99509,215,14500.00,406,0,NULL),(99510,220,15000.00,420,0,NULL),(99511,206,10000000.00,406,1,NULL),(99512,215,15500.00,415,0,NULL),(99513,215,3000000.00,415,1,NULL),(99514,231,20000.00,431,0,NULL),(99515,220,2400000.00,420,1,NULL),(99516,226,21000.00,426,0,NULL),(99517,226,4500.00,426,0,NULL),(99518,222,4200.00,422,0,NULL),(99519,225,1750.00,425,0,NULL),(99520,218,6000.00,418,0,NULL),(99521,233,6500.00,433,0,NULL),(99522,233,7000.00,433,0,NULL),(99523,218,11000.00,418,0,NULL),(99524,237,22000.00,437,0,NULL),(99525,237,30000.00,437,0,NULL),(99526,240,1700000.00,440,1,NULL),(99527,243,50000.00,443,0,NULL),(99528,243,1500000.00,443,1,NULL),(99529,240,40000.00,440,0,NULL),(99530,245,75000.00,445,1,NULL),(99531,247,12000.00,447,0,NULL),(99532,248,11000.00,448,0,NULL),(99533,248,12000.00,448,0,NULL),(99534,249,21000.00,449,0,NULL),(99535,251,10500.00,451,0,NULL),(99536,220,61000.00,420,1,NULL),(99537,231,1500000.00,431,0,NULL),(99538,237,145000.00,437,1,NULL),(99539,218,130000.00,418,1,NULL),(99540,248,125000.00,448,1,NULL),(99541,247,7500.00,447,0,NULL),(99542,225,95000.00,425,1,NULL),(99543,226,36000.00,426,1,NULL),(99544,243,27000.00,443,1,NULL),(99545,235,17000.00,435,1,NULL),(99546,221,15000.00,421,1,NULL),(99547,202,40000.00,402,1,NULL),(99548,251,85000.00,451,1,NULL),(99549,249,75000.00,449,1,NULL),(99550,212,150000.00,412,1,NULL),(99551,204,50000.00,404,0,NULL),(99552,204,9000.00,404,0,'2016-11-05'),(99553,204,60000.00,404,0,'2016-11-05'),(99554,204,2000.00,404,0,'2016-11-07'),(99555,204,50000.00,404,0,'2016-11-08');
/*!40000 ALTER TABLE `loan` ENABLE KEYS */;
UNLOCK TABLES;

--
-- Table structure for table `user_customer`
--

DROP TABLE IF EXISTS `user_customer`;
/*!40101 SET @saved_cs_client     = @@character_set_client */;
/*!40101 SET character_set_client = utf8 */;
CREATE TABLE `user_customer` (
  `username` varchar(20) NOT NULL,
  `password` text NOT NULL,
  `account_number` int(5) NOT NULL,
  PRIMARY KEY (`account_number`)
) ENGINE=MyISAM DEFAULT CHARSET=latin1;
/*!40101 SET character_set_client = @saved_cs_client */;

--
-- Dumping data for table `user_customer`
--

LOCK TABLES `user_customer` WRITE;
/*!40000 ALTER TABLE `user_customer` DISABLE KEYS */;
INSERT INTO `user_customer` VALUES ('yasin','63b4f91cf8f3dcf5b300797302b9953cc8333368',201),('anto','5e63673cbc075e2d21cef6bde4c591c263380bee',202),('arun','8980dc86c1e9ea324ec99f8b15a2e9a92d0a4d1e',203),('lakshay','c35a9fc52bb556c79f8fa540df587a2bf465b940',204),('vin','7ee51d9582ef3d3b56ec2fc25b77fc147d8563e5',205),('diesel','b202977c0fc07e1c6b31961a905395a8ffb23121',206),('mark','e6de89674d9f1d7968a70dad4f41b844965b4fdc',207),('antony','beba4d5d3ffb8fac7fe5ce87ac1eb2f75c4cd1a2',208),('harry','3352d0d8278c176fa61d82326d7e51dabd2a032e',209),('potter','329dc1daf9fb9d5e75d687dd9e0740e1c72796c3',210),('daniel','83fdc3407ccf68718bfb9aaddefa7cc0e40529db',211),('rupert','6e9b99384f21dc46400b5347a3eb341f6daeb334',212),('ron','5715aa02de07dc08f6197a5850b92d7640766663',213),('ojaswi','4396c2d023b9d985eed0ba30fe1c672637c01718',214),('bheem','8749f5bad0754ddc52e5945049175078943a69ad',215),('ram','279e901e056c2d8c7d7cf626cc71a1bda80ca343',216),('bharat','4dc77829a69518101f9a97ef4257e3a7820944d2',217),('vinod','93ac1946cb917abc4735cdd1ee5fb7e3c6e164de',218),('sekar','1f0037c5e92481b35c84bc22d7e8f69c34365430',219),('vasanth','7a95563490d87e3621966d553f06078acb822585',220),('saravanan','1c76c42db69f242fdc8d813f5fddf04e958dca4b',221),('karin','020c4877362530fccadf006a858f56ee9637177d',222),('cavin','a785bdbf3c99e0509f4cc3417295cce9d89459a1',223),('mithusen','77873674e5df0c6b070f8dd195293533838ca7a1',224),('rodrigo','7a698699a9229b278afa72593214582d739b9bad',225),('mike','62866ab415331d03c03849c24f528450f246e375',226),('michael','fba7b60b15f0b26aa5b56b8f378a0b1b4092ed23',227),('richard','2aed8cef33a640e55d1a7f9358fc92db260a4de9',228),('cristiano','75988f5ac0575a8d3636291a136cf92664152ed3',229),('lionel','f8c024c4ad95bf78baaf9d88334722b84f8a930b',230),('sakthi','6c0ac76ca9fe1af889558d11fd9a75e1fb9a0b86',231),('vettri','a2092f63a2f91825e2c72496b104e027c2a5b0f0',232),('pradhip','82ad38f885211232bd89c439e0df9982d6ae74f7',233),('din din','8949eb0b6a2ef0595f9ef639e167d6209c3ccc60',234),('shine','784ef0059227d57909c9d81632b89915adc03c22',235),('vaishnav','6c4c04be8f82a4e053bde03dd716d59c841cfda9',236),('varshini','bf9e9998a83a0659666e3e32cd4c051f0a82aa46',237),('aravind','06cb3f00aa09252fffcbe8ea8d165a338f803a7e',238),('govind','0fdf6a63ef21d8a712f68633ace5ce08cd1914ac',239),('methun','6d0e1050797b03d8826ea5ad224adba68621f692',240),('singhai','5dd8b53aacfc461407333cffac2e4acce3337ebf',241),('sergio','e076fa133a86ed3f260850a0dc70993ae366a649',242),('ronaldo','ac3e7b007d7ab0ba379faa8ab62d9da35c5444f4',243),('messi','9a3e61b6bcc8abec08f195526c3132d5a4a98cc0',244),('leonaldo','ac9c957760424d463fbc0a28712e09dcd11a9415',245),('neville','5a9295d8fa430d03c34c8f7145f47117fb940f31',246),('lucifer','08d55d01921d987568b19a5fd67bc17b74d6c36f',247),('malik','f04b1d726c615672552fa5116aa5b958d8d41676',248),('krishnan','5fd7e33e01c871f02cbf9f6b0c1feec774b09cf5',249),('narasimha','d96adb142a1f7ede4d5906eadf01409dbd98b60d',250),('naveen','9d4650d4e8944e0ebf5c32dd9706abc74343e3a8',251);
/*!40000 ALTER TABLE `user_customer` ENABLE KEYS */;
UNLOCK TABLES;

--
-- Table structure for table `user_employee`
--

DROP TABLE IF EXISTS `user_employee`;
/*!40101 SET @saved_cs_client     = @@character_set_client */;
/*!40101 SET character_set_client = utf8 */;
CREATE TABLE `user_employee` (
  `username` varchar(20) NOT NULL,
  `password` text NOT NULL,
  `employee_id` int(5) NOT NULL,
  PRIMARY KEY (`employee_id`)
) ENGINE=MyISAM DEFAULT CHARSET=latin1;
/*!40101 SET character_set_client = @saved_cs_client */;

--
-- Dumping data for table `user_employee`
--

LOCK TABLES `user_employee` WRITE;
/*!40000 ALTER TABLE `user_employee` DISABLE KEYS */;
INSERT INTO `user_employee` VALUES ('aswath','42cfe854913594fe572cb9712a188e829830291f',301),('sudharsan','b7c40b9c66bc88d38a59e554c639d743e77f1b65',302),('gnanesh','3d4f2bf07dc1be38b20cd6e46949a1071f9d0e3d',303),('methun','1411678a0b9e25ee2f7c8b2f7ac92b6a74b3f9c5',304),('visva','1f82c942befda29b6ed487a51da199f78fce7f05',305),('vela','1f5523a8f535289b3401b29958d01b2966ed61d2',306),('sam','fba9f1c9ae2a8afe7815c9cdd492512622a66302',307),('santhosh','273a0c7bd3c679ba9a6f5d99078e36e85d02b952',308),('ashwin','77bce9fb18f977ea576bbcd143b2b521073f0cd6',309),('aswin','bfd1138f95e2248c428c66794b30529571169e06',310),('praveen','dfc2eca580adf927c1ac03710443f10650ab9118',311),('aditya','a9c6ef8e89b00a8fd238985cc0b5b848cd9a2fe8',312),('elangovan','899ff6c5e02cad362131a0cf374df865ae63bff4',313),('ganesh','181fe8975eda5278fb14485dd1203be398e7358e',314),('kevin','7391c3b9b0df9058cd56e04c725ef95e044216a6',315),('priya','8fe7e4f41d44ea1183dfd6d19c23578b6c0b40ad',316),('dharsan','9c8d02a68a41c33b3bf2a86b1068244b212ead93',317),('max','588cbba4deb4d261414837323f3aed64e2989e68',318),('mahesh','e854a1e3ecaad5fa1618e94b1701571aaa70ada5',319),('abdul','523a5a212e5d1742c35b7f171f566161fd464aed',320),('sachin','288b7960f1fefdd7ced67957dc55383f6222235c',321),('dhoni','a792294370aa9d8fd9de8fc6c1f7c38fdd3fc3ec',322),('gambhir','417a94b09b50d67a6ca96b8975c7d9de9f411730',323),('virat','31ce4f846fef820f6048103d12d8cfb72eb4f13f',324),('kholi','279ad49defd3670b4faf4a67c32f62f65bc011db',325),('mahinder','56668c964ebea09b99d743a512ac75a246f7126b',326),('singh','3a8e0effe6645daa90aef4c2027d2ac0a714916b',327),('yuvaraj','f9fa1c2932eb9ab0be9e08d62ff2ad85dcc3437f',328),('gautam','f3c267b9113e2be919e7803d92d33e4fce46c105',329),('abhijit','ed78967b7a1d729952e8cfb470df614727ea9cc7',330),('sai','faf7167fccdf2879a89bd4f6369346578c9c51bb',331),('dev','14caf2752952db1e5d7f0ff8e9eb35a03758d0f8',332),('vishal','9e4d5df6ff501060df5e9df81927a7520394306e',333),('renius','6d852ffaa4e5579ce3e063d135284702530db774',334),('varoon','c4510d7f54041aa6d27d330b6b8defae0ed077f5',335),('santhanam','47abeb068301ef134f475163ea6aaa76bc419b28',336),('jai','d267210f0a82af87bdb7a2921acdc2341b3f2dfd',337),('vijay','bf9c01699b0ef9ea9d7287126c20b8ce52836021',338),('ajith','fe71d125f6a33b9bd8db62c7c201396ec62be1cb',339),('sushant','4ca955451507352ee9ec1710b7632aaeebcc3dd9',340),('saurav','e287a6027164bc46e39d524707004191bca28aa7',341),('abhishek','fba4a0d24397ec72941d4b6397ec61d59ec98cba',342),('vinayak','c0a9c2ed833da8a5bd32a50470f99e40cc1aba1f',343),('ramanathan','53f9750772a8bf64a8e185121c5cac014636636f',344),('lex','7ca7e15074890cd719170ac9fe3cb2976088181f',345),('luthor','661f6e6f7dee92b68818bf5ea2e9017a7452b15e',346),('osama','8f70b89c8d221ed096f32b6c55aa18d3df53b53b',347),('bin','4d50fa30ac4af0dd58cbbdcb847db0b40b724b47',348),('ladden','abc38cb69600898d9bfa7002ba694f8cc015b3a3',349),('asharaf','7c4a8d09ca3762af61e59520943dc26494f8941b',350),('luke','dd5fef9c1c1da1394d6d34b248c51be2ad740840',351);
/*!40000 ALTER TABLE `user_employee` ENABLE KEYS */;
UNLOCK TABLES;
/*!40103 SET TIME_ZONE=@OLD_TIME_ZONE */;

/*!40101 SET SQL_MODE=@OLD_SQL_MODE */;
/*!40014 SET FOREIGN_KEY_CHECKS=@OLD_FOREIGN_KEY_CHECKS */;
/*!40014 SET UNIQUE_CHECKS=@OLD_UNIQUE_CHECKS */;
/*!40101 SET CHARACTER_SET_CLIENT=@OLD_CHARACTER_SET_CLIENT */;
/*!40101 SET CHARACTER_SET_RESULTS=@OLD_CHARACTER_SET_RESULTS */;
/*!40101 SET COLLATION_CONNECTION=@OLD_COLLATION_CONNECTION */;
/*!40111 SET SQL_NOTES=@OLD_SQL_NOTES */;

-- Dump completed on 2016-11-08 19:14:52
